timestamp,device_id,room_id,temperature,humidity,pressure,flame_raw,flame_voltage,gas_raw,gas_voltage,flame_digital,fire_state,servo_angle,room_baseline_temp,room_baseline_gas,room_baseline_humidity,delta_temp_from_baseline,delta_gas_from_baseline,temp_rate_of_change_c_per_sec,gas_rate_of_change_per_sec,temp_zscore,gas_zscore,ai_classification_verdict,ai_risk_score,is_actual_fire,suppression_reason,baseline_calibrated
2026-09-30T16:12:21.021966+00:00,ESP1,LivingRoom_Sunny,31.0,45.0,1012.0,15000,3.1,1400,0.35,0,NORMAL,45,31.0,1400.0,45.0,6.0,-100.0,0.0,0.0,6.0,-10.0,NORMAL_SUNNY_DAY,5.0,False,High ambient temp (31.0°C) matches dynamic room baseline (25.0°C); zero flame/smoke.,False
2026-09-30T16:12:22.021966+00:00,ESP1,LivingRoom_Sunny,31.06,45.0,1012.0,15000,3.1,1402,0.35,0,NORMAL,46,31.0,1400.0,45.0,0.06,2.0,0.06,2.0,0.06,0.2,NORMAL_SUNNY_DAY,5.0,False,High ambient temp (31.1°C) matches dynamic room baseline (31.0°C); zero flame/smoke.,False
2026-09-30T16:12:23.021966+00:00,ESP1,LivingRoom_Sunny,31.12,45.0,1012.0,15000,3.1,1404,0.35,0,NORMAL,47,31.0,1400.1,45.0,0.119,3.98,0.06,2.0,0.12,0.27,NORMAL_SUNNY_DAY,5.0,False,High ambient temp (31.1°C) matches dynamic room baseline (31.0°C); zero flame/smoke.,False
2026-09-30T16:12:24.021966+00:00,ESP1,LivingRoom_Sunny,31.18,45.0,1012.0,15000,3.1,1406,0.35,0,NORMAL,48,31.0,1400.1,45.0,0.178,5.94,0.06,2.0,0.18,0.4,NORMAL_SUNNY_DAY,5.0,False,High ambient temp (31.2°C) matches dynamic room baseline (31.0°C); zero flame/smoke.,False
2026-09-30T16:12:25.021966+00:00,ESP1,LivingRoom_Sunny,31.24,45.0,1012.0,15000,3.1,1408,0.35,0,NORMAL,49,31.01,1400.2,45.0,0.236,7.88,0.06,2.0,0.24,0.53,NORMAL_SUNNY_DAY,5.0,False,High ambient temp (31.2°C) matches dynamic room baseline (31.0°C); zero flame/smoke.,False
2026-09-30T16:12:26.021966+00:00,ESP1,LivingRoom_Sunny,31.3,45.0,1012.0,15000,3.1,1410,0.35,0,NORMAL,50,31.01,1400.3,45.0,0.294,9.8,0.06,2.0,0.3,0.65,NORMAL_SUNNY_DAY,5.0,False,High ambient temp (31.3°C) matches dynamic room baseline (31.0°C); zero flame/smoke.,False
2026-09-30T16:12:27.021966+00:00,ESP1,LivingRoom_Sunny,31.36,45.0,1012.0,15000,3.1,1412,0.35,0,NORMAL,51,31.01,1400.4,45.0,0.351,11.7,0.06,2.0,0.36,0.78,NORMAL_SUNNY_DAY,5.0,False,High ambient temp (31.4°C) matches dynamic room baseline (31.0°C); zero flame/smoke.,False
2026-09-30T16:12:28.021966+00:00,ESP1,LivingRoom_Sunny,31.42,45.0,1012.0,15000,3.1,1414,0.35,0,NORMAL,52,31.02,1400.5,45.0,0.408,13.59,0.06,2.0,0.42,0.91,NORMAL_SUNNY_DAY,5.0,False,High ambient temp (31.4°C) matches dynamic room baseline (31.0°C); zero flame/smoke.,False
2026-09-30T16:12:29.021966+00:00,ESP1,LivingRoom_Sunny,31.48,45.0,1012.0,15000,3.1,1416,0.35,0,NORMAL,53,31.02,1400.7,45.0,0.464,15.45,0.06,2.0,0.48,1.03,NORMAL_SUNNY_DAY,5.0,False,High ambient temp (31.5°C) matches dynamic room baseline (31.0°C); zero flame/smoke.,False
2026-09-30T16:12:30.021966+00:00,ESP1,LivingRoom_Sunny,31.54,45.0,1012.0,15000,3.1,1418,0.35,0,NORMAL,54,31.03,1400.9,45.0,0.519,17.3,0.06,2.0,0.54,1.15,NORMAL_SUNNY_DAY,5.0,False,High ambient temp (31.5°C) matches dynamic room baseline (31.0°C); zero flame/smoke.,False
2026-09-30T16:12:31.021966+00:00,ESP1,LivingRoom_Sunny,31.6,45.0,1012.0,15000,3.1,1420,0.35,0,NORMAL,55,31.03,1401.1,45.0,0.574,19.12,0.06,2.0,0.6,1.27,NORMAL_SUNNY_DAY,5.0,False,High ambient temp (31.6°C) matches dynamic room baseline (31.0°C); zero flame/smoke.,False
2026-09-30T16:12:32.021966+00:00,ESP1,LivingRoom_Sunny,31.66,45.0,1012.0,15000,3.1,1422,0.35,0,NORMAL,56,31.04,1401.3,45.0,0.628,20.93,0.06,2.0,0.66,1.4,NORMAL_SUNNY_DAY,5.0,False,High ambient temp (31.7°C) matches dynamic room baseline (31.0°C); zero flame/smoke.,False
2026-09-30T16:12:33.021966+00:00,ESP1,LivingRoom_Sunny,31.72,45.0,1012.0,15000,3.1,1424,0.35,0,NORMAL,57,31.05,1401.5,45.0,0.682,22.72,0.06,2.0,0.71,1.51,NORMAL_SUNNY_DAY,5.0,False,High ambient temp (31.7°C) matches dynamic room baseline (31.0°C); zero flame/smoke.,False
2026-09-30T16:12:34.021966+00:00,ESP1,LivingRoom_Sunny,31.78,45.0,1012.0,15000,3.1,1426,0.35,0,NORMAL,58,31.05,1401.7,45.0,0.735,24.5,0.06,2.0,0.77,1.63,NORMAL_SUNNY_DAY,5.0,False,High ambient temp (31.8°C) matches dynamic room baseline (31.0°C); zero flame/smoke.,False
2026-09-30T16:12:35.021966+00:00,ESP1,LivingRoom_Sunny,31.84,45.0,1012.0,15000,3.1,1428,0.35,0,NORMAL,59,31.06,1402.0,45.0,0.788,26.25,0.06,2.0,0.83,1.75,NORMAL_SUNNY_DAY,5.0,False,High ambient temp (31.8°C) matches dynamic room baseline (31.1°C); zero flame/smoke.,True
2026-09-30T16:12:36.021966+00:00,ESP1,LivingRoom_Sunny,31.9,45.0,1012.0,15000,3.1,1430,0.35,0,NORMAL,60,31.07,1402.3,45.0,0.84,27.99,0.06,2.0,0.88,1.87,NORMAL_SUNNY_DAY,5.0,False,High ambient temp (31.9°C) matches dynamic room baseline (31.1°C); zero flame/smoke.,True
2026-09-30T16:12:37.021966+00:00,ESP1,LivingRoom_Sunny,31.96,45.0,1012.0,15000,3.1,1432,0.35,0,NORMAL,61,31.08,1402.6,45.0,0.891,29.71,0.06,2.0,0.94,1.98,NORMAL_SUNNY_DAY,5.0,False,High ambient temp (32.0°C) matches dynamic room baseline (31.1°C); zero flame/smoke.,True
2026-09-30T16:12:38.021966+00:00,ESP1,LivingRoom_Sunny,32.02,45.0,1012.0,15000,3.1,1434,0.35,0,NORMAL,62,31.09,1402.9,45.0,0.942,31.41,0.06,2.0,0.99,2.09,NORMAL,11.3,False,,True
2026-09-30T16:12:39.021966+00:00,ESP1,LivingRoom_Sunny,32.08,45.0,1012.0,15000,3.1,1436,0.35,0,NORMAL,63,31.1,1403.2,45.0,0.993,33.1,0.06,2.0,1.05,2.21,NORMAL,11.9,False,,True
2026-09-30T16:12:40.021966+00:00,ESP1,LivingRoom_Sunny,32.14,45.0,1012.0,15000,3.1,1438,0.35,0,NORMAL,64,31.11,1403.6,45.0,1.043,34.77,0.06,2.0,1.1,2.32,NORMAL,12.5,False,,True
2026-09-30T16:12:41.021966+00:00,ESP1,LivingRoom_Sunny,32.2,45.0,1012.0,15000,3.1,1440,0.35,0,NORMAL,65,31.12,1403.9,45.0,1.093,36.42,0.06,2.0,1.15,2.43,NORMAL,13.0,False,,True
2026-09-30T16:12:42.021966+00:00,ESP1,LivingRoom_Sunny,32.26,45.0,1012.0,15000,3.1,1442,0.35,0,NORMAL,66,31.13,1404.3,45.0,1.142,38.05,0.06,2.0,1.2,2.54,NORMAL,13.6,False,,True
2026-09-30T16:12:43.021966+00:00,ESP1,LivingRoom_Sunny,32.32,45.0,1012.0,15000,3.1,1444,0.35,0,NORMAL,67,31.14,1404.7,45.0,1.19,39.67,0.06,2.0,1.25,2.64,NORMAL,14.2,False,,True
2026-09-30T16:12:44.021966+00:00,ESP1,LivingRoom_Sunny,32.38,45.0,1012.0,15000,3.1,1446,0.35,0,NORMAL,68,31.15,1405.1,45.0,1.238,41.28,0.06,2.0,1.3,2.75,NORMAL,14.7,False,,True
2026-09-30T16:12:45.021966+00:00,ESP1,LivingRoom_Sunny,32.44,45.0,1012.0,15000,3.1,1448,0.35,0,NORMAL,69,31.17,1405.6,45.0,1.286,42.86,0.06,2.0,1.34,2.86,NORMAL,15.3,False,,True
2026-09-30T16:12:46.021966+00:00,ESP1,LivingRoom_Sunny,32.5,45.0,1012.0,15000,3.1,1450,0.35,0,NORMAL,70,31.18,1406.0,45.0,1.333,44.44,0.06,2.0,1.39,2.9,NORMAL,15.6,False,,True
2026-09-30T16:12:47.021966+00:00,ESP1,LivingRoom_Sunny,32.56,45.0,1012.0,15000,3.1,1452,0.35,0,NORMAL,71,31.19,1406.5,45.0,1.38,45.99,0.06,2.0,1.43,2.9,NORMAL,15.8,False,,True
2026-09-30T16:12:48.021966+00:00,ESP1,LivingRoom_Sunny,32.62,45.0,1012.0,15000,3.1,1454,0.35,0,NORMAL,72,31.21,1406.9,45.0,1.426,47.53,0.06,2.0,1.47,2.89,NORMAL,16.0,False,,True
2026-09-30T16:12:49.021966+00:00,ESP1,LivingRoom_Sunny,32.68,45.0,1012.0,15000,3.1,1456,0.35,0,NORMAL,73,31.22,1407.4,45.0,1.472,49.06,0.06,2.0,1.51,2.88,NORMAL,16.2,False,,True
2026-09-30T16:12:50.021966+00:00,ESP1,LivingRoom_Sunny,32.74,45.0,1012.0,15000,3.1,1458,0.35,0,NORMAL,74,31.24,1407.9,45.0,1.517,50.57,0.06,2.0,1.54,2.86,NORMAL,16.3,False,,True
2026-09-30T16:12:51.021966+00:00,ESP1,LivingRoom_Sunny,32.8,45.0,1012.0,15000,3.1,1460,0.35,0,NORMAL,75,31.25,1408.5,45.0,1.562,52.06,0.06,2.0,1.58,2.85,NORMAL,16.4,False,,True
2026-09-30T16:12:52.021966+00:00,ESP1,LivingRoom_Sunny,32.86,45.0,1012.0,15000,3.1,1462,0.35,0,NORMAL,76,31.27,1409.0,45.0,1.606,53.54,0.06,2.0,1.61,2.83,NORMAL,16.5,False,,True
2026-09-30T16:12:53.021966+00:00,ESP1,LivingRoom_Sunny,32.92,45.0,1012.0,15000,3.1,1464,0.35,0,NORMAL,77,31.29,1409.5,45.0,1.65,55.0,0.06,2.0,1.64,2.81,NORMAL,16.6,False,,True
2026-09-30T16:12:54.021966+00:00,ESP1,LivingRoom_Sunny,32.98,45.0,1012.0,15000,3.1,1466,0.35,0,NORMAL,78,31.3,1410.1,45.0,1.694,56.45,0.06,2.0,1.67,2.79,NORMAL,16.7,False,,True
2026-09-30T16:12:55.021966+00:00,ESP1,LivingRoom_Sunny,33.04,45.0,1012.0,15000,3.1,1468,0.35,0,NORMAL,79,31.32,1410.7,45.0,1.737,57.89,0.06,2.0,1.7,2.77,NORMAL,16.8,False,,True
2026-09-30T16:12:56.021966+00:00,ESP1,LivingRoom_Sunny,33.1,45.0,1012.0,15000,3.1,1470,0.35,0,NORMAL,80,31.34,1411.3,45.0,1.779,59.31,0.06,2.0,1.72,2.75,NORMAL,16.9,False,,True
2026-09-30T16:12:57.021966+00:00,ESP1,LivingRoom_Sunny,33.16,45.0,1012.0,15000,3.1,1472,0.35,0,NORMAL,81,31.36,1411.9,45.0,1.822,60.72,0.06,2.0,1.75,2.72,NORMAL,16.9,False,,True
2026-09-30T16:12:58.021966+00:00,ESP1,LivingRoom_Sunny,33.22,45.0,1012.0,15000,3.1,1474,0.35,0,NORMAL,82,31.38,1412.5,45.0,1.863,62.11,0.06,2.0,1.77,2.7,NORMAL,16.9,False,,True
2026-09-30T16:12:59.021966+00:00,ESP1,LivingRoom_Sunny,33.28,45.0,1012.0,15000,3.1,1476,0.35,0,NORMAL,83,31.39,1413.1,45.0,1.905,63.49,0.06,2.0,1.79,2.68,NORMAL,17.0,False,,True
2026-09-30T16:13:00.021966+00:00,ESP1,LivingRoom_Sunny,33.34,45.0,1012.0,15000,3.1,1478,0.35,0,NORMAL,84,31.41,1413.8,45.0,1.946,64.85,0.06,2.0,1.81,2.65,NORMAL,17.0,False,,True
2026-09-30T16:13:01.021966+00:00,ESP1,Kitchen,27.5,82.0,1011.8,14800,3.0,2200,0.55,0,NORMAL,90,27.5,2200.0,82.0,2.5,700.0,0.0,0.0,2.5,70.0,PRE_FIRE_WARNING,65.0,False,,False
2026-09-30T16:13:02.021966+00:00,ESP1,Kitchen,27.53,82.0,1011.8,14800,3.0,2200,0.55,0,NORMAL,90,27.5,2200.0,82.0,0.03,0.0,0.03,0.0,0.03,0.0,NORMAL,0.2,False,,False
2026-09-30T16:13:03.021966+00:00,ESP1,Kitchen,27.56,82.0,1011.8,14800,3.0,2200,0.55,0,NORMAL,90,27.5,2200.0,82.0,0.06,0.0,0.03,0.0,0.06,0.0,NORMAL,0.3,False,,False
2026-09-30T16:13:04.021966+00:00,ESP1,Kitchen,27.59,82.0,1011.8,14800,3.0,2200,0.55,0,NORMAL,90,27.5,2200.0,82.0,0.089,0.0,0.03,0.0,0.09,0.0,NORMAL,0.5,False,,False
2026-09-30T16:13:05.021966+00:00,ESP1,Kitchen,27.62,82.0,1011.8,14800,3.0,2200,0.55,0,NORMAL,90,27.5,2200.0,82.0,0.118,0.0,0.03,0.0,0.12,0.0,NORMAL,0.6,False,,False
2026-09-30T16:13:06.021966+00:00,ESP1,Kitchen,27.65,82.0,1011.8,14800,3.0,2200,0.55,0,NORMAL,90,27.5,2200.0,82.0,0.147,0.0,0.03,0.0,0.15,0.0,NORMAL,0.7,False,,False
2026-09-30T16:13:07.021966+00:00,ESP1,Kitchen,27.68,82.0,1011.8,14800,3.0,2200,0.55,0,NORMAL,90,27.51,2200.0,82.0,0.176,0.0,0.03,0.0,0.18,0.0,NORMAL,0.9,False,,False
2026-09-30T16:13:08.021966+00:00,ESP1,Kitchen,27.71,82.0,1011.8,14800,3.0,2200,0.55,0,NORMAL,90,27.51,2200.0,82.0,0.204,0.0,0.03,0.0,0.21,0.0,NORMAL,1.0,False,,False
2026-09-30T16:13:09.021966+00:00,ESP1,Kitchen,27.74,82.0,1011.8,14800,3.0,2200,0.55,0,NORMAL,90,27.51,2200.0,82.0,0.232,0.0,0.03,0.0,0.24,0.0,NORMAL,1.2,False,,False
2026-09-30T16:13:10.021966+00:00,ESP1,Kitchen,27.77,82.0,1011.8,14800,3.0,2200,0.55,0,NORMAL,90,27.51,2200.0,82.0,0.259,0.0,0.03,0.0,0.27,0.0,NORMAL,1.3,False,,False
2026-09-30T16:13:11.021966+00:00,ESP1,Kitchen,27.8,82.0,1011.8,14800,3.0,2200,0.55,0,NORMAL,90,27.52,2200.0,82.0,0.287,0.0,0.03,0.0,0.3,0.0,NORMAL,1.5,False,,False
2026-09-30T16:13:12.021966+00:00,ESP1,Kitchen,27.83,82.0,1011.8,14800,3.0,2200,0.55,0,NORMAL,90,27.52,2200.0,82.0,0.314,0.0,0.03,0.0,0.33,0.0,NORMAL,1.6,False,,False
2026-09-30T16:13:13.021966+00:00,ESP1,Kitchen,27.86,82.0,1011.8,14800,3.0,2200,0.55,0,NORMAL,90,27.52,2200.0,82.0,0.341,0.0,0.03,0.0,0.36,0.0,NORMAL,1.8,False,,False
2026-09-30T16:13:14.021966+00:00,ESP1,Kitchen,27.89,82.0,1011.8,14800,3.0,2200,0.55,0,NORMAL,90,27.53,2200.0,82.0,0.367,0.0,0.03,0.0,0.39,0.0,NORMAL,1.9,False,,False
2026-09-30T16:13:15.021966+00:00,ESP1,Kitchen,27.92,82.0,1011.8,14800,3.0,2200,0.55,0,NORMAL,90,27.53,2200.0,82.0,0.394,0.0,0.03,0.0,0.42,0.0,NORMAL,2.1,False,,True
2026-09-30T16:13:16.021966+00:00,ESP1,Kitchen,27.95,82.0,1011.8,14800,3.0,2200,0.55,0,NORMAL,90,27.53,2200.0,82.0,0.42,0.0,0.03,0.0,0.45,0.0,NORMAL,2.2,False,,True
2026-09-30T16:13:17.021966+00:00,ESP1,Kitchen,27.98,82.0,1011.8,14800,3.0,2200,0.55,0,NORMAL,90,27.54,2200.0,82.0,0.446,0.0,0.03,0.0,0.48,0.0,NORMAL,2.4,False,,True
2026-09-30T16:13:18.021966+00:00,ESP1,Kitchen,28.01,82.0,1011.8,14800,3.0,2200,0.55,0,NORMAL,90,27.54,2200.0,82.0,0.471,0.0,0.03,0.0,0.51,0.0,NORMAL_SUNNY_DAY,5.0,False,High ambient temp (28.0°C) matches dynamic room baseline (27.5°C); zero flame/smoke.,True
2026-09-30T16:13:19.021966+00:00,ESP1,Kitchen,28.04,82.0,1011.8,14800,3.0,2200,0.55,0,NORMAL,90,27.55,2200.0,82.0,0.496,0.0,0.03,0.0,0.54,0.0,NORMAL_SUNNY_DAY,5.0,False,High ambient temp (28.0°C) matches dynamic room baseline (27.5°C); zero flame/smoke.,True
2026-09-30T16:13:20.021966+00:00,ESP1,Kitchen,28.07,82.0,1011.8,14800,3.0,2200,0.55,0,NORMAL,90,27.55,2200.0,82.0,0.521,0.0,0.03,0.0,0.57,0.0,NORMAL_SUNNY_DAY,5.0,False,High ambient temp (28.1°C) matches dynamic room baseline (27.5°C); zero flame/smoke.,True
2026-09-30T16:13:21.021966+00:00,ESP1,Kitchen,28.1,82.0,1011.8,14800,3.0,2200,0.55,0,NORMAL,90,27.56,2200.0,82.0,0.546,0.0,0.03,0.0,0.59,0.0,NORMAL_SUNNY_DAY,5.0,False,High ambient temp (28.1°C) matches dynamic room baseline (27.6°C); zero flame/smoke.,True
2026-09-30T16:13:22.021966+00:00,ESP1,Kitchen,28.13,82.0,1011.8,14800,3.0,2200,0.55,0,NORMAL,90,27.56,2200.0,82.0,0.571,0.0,0.03,0.0,0.62,0.0,NORMAL_SUNNY_DAY,5.0,False,High ambient temp (28.1°C) matches dynamic room baseline (27.6°C); zero flame/smoke.,True
2026-09-30T16:13:23.021966+00:00,ESP1,Kitchen,28.16,82.0,1011.8,14800,3.0,2200,0.55,0,NORMAL,90,27.57,2200.0,82.0,0.595,0.0,0.03,0.0,0.65,0.0,NORMAL_SUNNY_DAY,5.0,False,High ambient temp (28.2°C) matches dynamic room baseline (27.6°C); zero flame/smoke.,True
2026-09-30T16:13:24.021966+00:00,ESP1,Kitchen,28.19,82.0,1011.8,14800,3.0,2200,0.55,0,NORMAL,90,27.58,2200.0,82.0,0.619,0.0,0.03,0.0,0.68,0.0,NORMAL_SUNNY_DAY,5.0,False,High ambient temp (28.2°C) matches dynamic room baseline (27.6°C); zero flame/smoke.,True
2026-09-30T16:13:25.021966+00:00,ESP1,Kitchen,28.22,82.0,1011.8,14800,3.0,2200,0.55,0,NORMAL,90,27.58,2200.0,82.0,0.643,0.0,0.03,0.0,0.71,0.0,NORMAL_SUNNY_DAY,5.0,False,High ambient temp (28.2°C) matches dynamic room baseline (27.6°C); zero flame/smoke.,True
2026-09-30T16:13:26.021966+00:00,ESP1,Kitchen,28.25,82.0,1011.8,14800,3.0,2200,0.55,0,NORMAL,90,27.59,2200.0,82.0,0.667,0.0,0.03,0.0,0.74,0.0,NORMAL_SUNNY_DAY,5.0,False,High ambient temp (28.2°C) matches dynamic room baseline (27.6°C); zero flame/smoke.,True
2026-09-30T16:13:27.021966+00:00,ESP1,Kitchen,28.28,82.0,1011.8,14800,3.0,2200,0.55,0,NORMAL,90,27.6,2200.0,82.0,0.69,0.0,0.03,0.0,0.76,0.0,NORMAL_SUNNY_DAY,5.0,False,High ambient temp (28.3°C) matches dynamic room baseline (27.6°C); zero flame/smoke.,True
2026-09-30T16:13:28.021966+00:00,ESP1,Kitchen,28.31,82.0,1011.8,14800,3.0,2200,0.55,0,NORMAL,90,27.6,2200.0,82.0,0.713,0.0,0.03,0.0,0.79,0.0,NORMAL_SUNNY_DAY,5.0,False,High ambient temp (28.3°C) matches dynamic room baseline (27.6°C); zero flame/smoke.,True
2026-09-30T16:13:29.021966+00:00,ESP1,Kitchen,28.34,82.0,1011.8,14800,3.0,2200,0.55,0,NORMAL,90,27.61,2200.0,82.0,0.736,0.0,0.03,0.0,0.82,0.0,NORMAL_SUNNY_DAY,5.0,False,High ambient temp (28.3°C) matches dynamic room baseline (27.6°C); zero flame/smoke.,True
2026-09-30T16:13:30.021966+00:00,ESP1,Kitchen,28.37,82.0,1011.8,14800,3.0,2200,0.55,0,NORMAL,90,27.62,2200.0,82.0,0.758,0.0,0.03,0.0,0.84,0.0,NORMAL_SUNNY_DAY,5.0,False,High ambient temp (28.4°C) matches dynamic room baseline (27.6°C); zero flame/smoke.,True
2026-09-30T16:13:31.021966+00:00,ESP1,Kitchen,32.0,30.0,1011.0,15000,3.0,2500,0.6,0,FIRE,120,27.62,2200.0,82.0,4.381,300.0,3.63,300.0,4.88,20.0,PRE_FIRE_WARNING,65.0,False,,True
2026-09-30T16:13:32.021966+00:00,ESP1,Kitchen,32.8,30.0,1011.0,14200,2.85,2850,0.7,0,FIRE,120,27.62,2200.0,82.0,5.181,650.0,0.8,350.0,5.77,43.33,ACTUAL_FIRE,88.0,True,,True
2026-09-30T16:13:33.021966+00:00,ESP1,Kitchen,33.6,30.0,1011.0,13400,2.7,3200,0.8,0,FIRE,120,27.62,2200.0,82.0,5.981,1000.0,0.8,350.0,6.66,66.67,ACTUAL_FIRE,88.0,True,,True
2026-09-30T16:13:34.021966+00:00,ESP1,Kitchen,34.4,30.0,1011.0,12600,2.55,3550,0.9,0,FIRE,120,27.62,2200.0,82.0,6.781,1350.0,0.8,350.0,7.56,90.0,ACTUAL_FIRE,88.0,True,,True
2026-09-30T16:13:35.021966+00:00,ESP1,Kitchen,35.2,30.0,1011.0,11800,2.4,3900,1.0,1,FIRE,120,27.62,2200.0,82.0,7.581,1700.0,0.8,350.0,8.45,113.33,ACTUAL_FIRE,98.0,True,,True
2026-09-30T16:13:36.021966+00:00,ESP1,Kitchen,36.0,30.0,1011.0,11000,2.25,4250,1.1,1,FIRE,120,27.62,2200.0,82.0,8.381,2050.0,0.8,350.0,9.34,136.67,ACTUAL_FIRE,98.0,True,,True
2026-09-30T16:13:37.021966+00:00,ESP1,Kitchen,36.8,30.0,1011.0,10200,2.1,4600,1.2000000000000002,1,FIRE,120,27.62,2200.0,82.0,9.181,2400.0,0.8,350.0,10.23,160.0,ACTUAL_FIRE,98.0,True,,True
2026-09-30T16:13:38.021966+00:00,ESP1,Kitchen,37.6,30.0,1011.0,9400,1.95,4950,1.3,1,FIRE,120,27.62,2200.0,82.0,9.981,2750.0,0.8,350.0,11.12,183.33,ACTUAL_FIRE,98.0,True,,True
2026-09-30T16:13:39.021966+00:00,ESP1,Kitchen,38.4,30.0,1011.0,8600,1.8,5300,1.4,1,FIRE,120,27.62,2200.0,82.0,10.781,3100.0,0.8,350.0,12.01,206.67,ACTUAL_FIRE,98.0,True,,True
2026-09-30T16:13:40.021966+00:00,ESP1,Kitchen,39.2,30.0,1011.0,7800,1.65,5650,1.5,1,FIRE,120,27.62,2200.0,82.0,11.581,3450.0,0.8,350.0,12.9,230.0,ACTUAL_FIRE,98.0,True,,True
2026-09-30T16:13:41.021966+00:00,ESP1,Kitchen,40.0,30.0,1011.0,7000,1.5,6000,1.6,1,FIRE,120,27.62,2200.0,82.0,12.381,3800.0,0.8,350.0,13.79,253.33,ACTUAL_FIRE,98.0,True,,True
2026-09-30T16:13:42.021966+00:00,ESP1,Kitchen,40.8,30.0,1011.0,6200,1.35,6350,1.7000000000000002,1,FIRE,120,27.62,2200.0,82.0,13.181,4150.0,0.8,350.0,14.69,276.67,ACTUAL_FIRE,98.0,True,,True
2026-09-30T16:13:43.021966+00:00,ESP1,Kitchen,41.6,30.0,1011.0,5400,1.2000000000000002,6700,1.8000000000000005,1,FIRE,120,27.62,2200.0,82.0,13.981,4500.0,0.8,350.0,15.58,300.0,ACTUAL_FIRE,98.0,True,,True
2026-09-30T16:13:44.021966+00:00,ESP1,Kitchen,42.4,30.0,1011.0,4600,1.05,7050,1.9,1,FIRE,120,27.62,2200.0,82.0,14.781,4850.0,0.8,350.0,16.47,323.33,ACTUAL_FIRE,98.0,True,,True
2026-09-30T16:13:45.021966+00:00,ESP1,Kitchen,43.2,30.0,1011.0,3800,0.8999999999999999,7400,2.0,1,FIRE,120,27.62,2200.0,82.0,15.581,5200.0,0.8,350.0,17.36,346.67,ACTUAL_FIRE,98.0,True,,True
2026-09-30T16:13:46.021966+00:00,ESP1,Kitchen,44.0,30.0,1011.0,3000,0.75,7750,2.1,1,FIRE,120,27.62,2200.0,82.0,16.381,5550.0,0.8,350.0,18.25,370.0,ACTUAL_FIRE,98.0,True,,True
2026-09-30T16:13:47.021966+00:00,ESP1,Kitchen,44.8,30.0,1011.0,2200,0.6000000000000001,8100,2.2,1,FIRE,120,27.62,2200.0,82.0,17.181,5900.0,0.8,350.0,19.14,393.33,ACTUAL_FIRE,98.0,True,,True
2026-09-30T16:13:48.021966+00:00,ESP1,Kitchen,45.6,30.0,1011.0,1400,0.4500000000000002,8450,2.3000000000000003,1,FIRE,120,27.62,2200.0,82.0,17.981,6250.0,0.8,350.0,20.03,416.67,ACTUAL_FIRE,98.0,True,,True
2026-09-30T16:13:49.021966+00:00,ESP1,Kitchen,46.4,30.0,1011.0,1200,0.3000000000000002,8800,2.4,1,FIRE,120,27.62,2200.0,82.0,18.781,6600.0,0.8,350.0,20.93,440.0,ACTUAL_FIRE,98.0,True,,True
2026-09-30T16:13:50.021966+00:00,ESP1,Kitchen,47.2,30.0,1011.0,1200,0.2,9150,2.5,1,FIRE,120,27.62,2200.0,82.0,19.581,6950.0,0.8,350.0,21.82,463.33,ACTUAL_FIRE,98.0,True,,True
2026-09-30T16:13:51.021966+00:00,ESP1,Kitchen,48.0,30.0,1011.0,1200,0.2,9500,2.6,1,FIRE,120,27.62,2200.0,82.0,20.381,7300.0,0.8,350.0,22.71,486.67,ACTUAL_FIRE,98.0,True,,True
2026-09-30T16:13:52.021966+00:00,ESP1,Kitchen,48.8,30.0,1011.0,1200,0.2,9850,2.7,1,FIRE,120,27.62,2200.0,82.0,21.181,7650.0,0.8,350.0,23.6,510.0,ACTUAL_FIRE,98.0,True,,True
2026-09-30T16:13:53.021966+00:00,ESP1,Kitchen,49.6,30.0,1011.0,1200,0.2,10200,2.8000000000000003,1,FIRE,120,27.62,2200.0,82.0,21.981,8000.0,0.8,350.0,24.49,533.33,ACTUAL_FIRE,98.0,True,,True
2026-09-30T16:13:54.021966+00:00,ESP1,Kitchen,50.400000000000006,30.0,1011.0,1200,0.2,10550,2.9000000000000004,1,FIRE,120,27.62,2200.0,82.0,22.781,8350.0,0.8,350.0,25.38,556.67,ACTUAL_FIRE,98.0,True,,True
2026-09-30T16:13:55.021966+00:00,ESP1,Kitchen,51.2,30.0,1011.0,1200,0.2,10900,3.0000000000000004,1,FIRE,120,27.62,2200.0,82.0,23.581,8700.0,0.8,350.0,26.27,580.0,ACTUAL_FIRE,98.0,True,,True
2026-09-30T16:13:56.021966+00:00,ESP1,Kitchen,52.0,30.0,1011.0,1200,0.2,11250,3.1,1,FIRE,120,27.62,2200.0,82.0,24.381,9050.0,0.8,350.0,27.16,603.33,ACTUAL_FIRE,98.0,True,,True
2026-09-30T16:13:57.021966+00:00,ESP1,Kitchen,52.8,30.0,1011.0,1200,0.2,11600,3.2,1,FIRE,120,27.62,2200.0,82.0,25.181,9400.0,0.8,350.0,28.06,626.67,ACTUAL_FIRE,98.0,True,,True
2026-09-30T16:13:58.021966+00:00,ESP1,Kitchen,53.6,30.0,1011.0,1200,0.2,11950,3.3000000000000003,1,FIRE,120,27.62,2200.0,82.0,25.981,9750.0,0.8,350.0,28.95,650.0,ACTUAL_FIRE,98.0,True,,True
2026-09-30T16:13:59.021966+00:00,ESP1,Kitchen,54.400000000000006,30.0,1011.0,1200,0.2,12300,3.4000000000000004,1,FIRE,120,27.62,2200.0,82.0,26.781,10100.0,0.8,350.0,29.84,673.33,ACTUAL_FIRE,98.0,True,,True
2026-09-30T16:14:00.021966+00:00,ESP1,Kitchen,55.2,30.0,1011.0,1200,0.2,12650,3.5000000000000004,1,FIRE,120,27.62,2200.0,82.0,27.581,10450.0,0.8,350.0,30.73,696.67,ACTUAL_FIRE,98.0,True,,True
2026-09-30T16:14:01.021966+00:00,ESP1,Kitchen,56.0,30.0,1011.0,1200,0.2,13000,3.6,1,FIRE,120,27.62,2200.0,82.0,28.381,10800.0,0.8,350.0,31.62,720.0,ACTUAL_FIRE,98.0,True,,True
2026-09-30T16:14:02.021966+00:00,ESP1,Kitchen,56.8,30.0,1011.0,1200,0.2,13350,3.7,1,FIRE,120,27.62,2200.0,82.0,29.181,11150.0,0.8,350.0,32.51,743.33,ACTUAL_FIRE,98.0,True,,True
2026-09-30T16:14:03.021966+00:00,ESP1,Kitchen,57.6,30.0,1011.0,1200,0.2,13700,3.8,1,FIRE,120,27.62,2200.0,82.0,29.981,11500.0,0.8,350.0,33.4,766.67,ACTUAL_FIRE,98.0,True,,True
2026-09-30T16:14:04.021966+00:00,ESP1,Kitchen,58.400000000000006,30.0,1011.0,1200,0.2,14050,3.9,1,FIRE,120,27.62,2200.0,82.0,30.781,11850.0,0.8,350.0,34.3,790.0,ACTUAL_FIRE,98.0,True,,True
2026-09-30T16:14:05.021966+00:00,ESP1,Kitchen,59.2,30.0,1011.0,1200,0.2,14400,4.0,1,FIRE,120,27.62,2200.0,82.0,31.581,12200.0,0.8,350.0,35.19,813.33,ACTUAL_FIRE,98.0,True,,True
2026-09-30T16:14:06.021966+00:00,ESP1,Kitchen,60.0,30.0,1011.0,1200,0.2,14750,4.1,1,FIRE,120,27.62,2200.0,82.0,32.381,12550.0,0.8,350.0,36.08,836.67,ACTUAL_FIRE,98.0,True,,True
2026-09-30T16:14:07.021966+00:00,ESP1,Kitchen,60.8,30.0,1011.0,1200,0.2,15100,4.2,1,FIRE,120,27.62,2200.0,82.0,33.181,12900.0,0.8,350.0,36.97,860.0,ACTUAL_FIRE,98.0,True,,True
2026-09-30T16:14:08.021966+00:00,ESP1,Kitchen,61.6,30.0,1011.0,1200,0.2,15450,4.3,1,FIRE,120,27.62,2200.0,82.0,33.981,13250.0,0.8,350.0,37.86,883.33,ACTUAL_FIRE,98.0,True,,True
2026-09-30T16:14:09.021966+00:00,ESP1,Kitchen,62.400000000000006,30.0,1011.0,1200,0.2,15800,4.4,1,FIRE,120,27.62,2200.0,82.0,34.781,13600.0,0.8,350.0,38.75,906.67,ACTUAL_FIRE,98.0,True,,True
2026-09-30T16:14:10.021966+00:00,ESP1,Kitchen,63.2,30.0,1011.0,1200,0.2,16150,4.5,1,FIRE,120,27.62,2200.0,82.0,35.581,13950.0,0.8,350.0,39.64,930.0,ACTUAL_FIRE,98.0,True,,True
2026-09-30T16:14:11.021966+00:00,ESP1,Kitchen,64.0,30.0,1011.0,1200,0.2,16500,4.5,1,FIRE,120,27.62,2200.0,82.0,36.381,14300.0,0.8,350.0,40.54,953.33,ACTUAL_FIRE,98.0,True,,True
2026-09-30T16:14:12.021966+00:00,ESP1,Kitchen,64.80000000000001,30.0,1011.0,1200,0.2,16850,4.5,1,FIRE,120,27.62,2200.0,82.0,37.181,14650.0,0.8,350.0,41.43,976.67,ACTUAL_FIRE,98.0,True,,True
2026-09-30T16:14:13.021966+00:00,ESP1,Kitchen,65.6,30.0,1011.0,1200,0.2,17200,4.5,1,FIRE,120,27.62,2200.0,82.0,37.981,15000.0,0.8,350.0,42.32,1000.0,ACTUAL_FIRE,98.0,True,,True
2026-09-30T16:14:14.021966+00:00,ESP1,Kitchen,66.4,30.0,1011.0,1200,0.2,17550,4.5,1,FIRE,120,27.62,2200.0,82.0,38.781,15350.0,0.8,350.0,43.21,1023.33,ACTUAL_FIRE,98.0,True,,True
2026-09-30T16:14:15.021966+00:00,ESP1,Kitchen,67.2,30.0,1011.0,1200,0.2,17900,4.5,1,FIRE,120,27.62,2200.0,82.0,39.581,15700.0,0.8,350.0,44.1,1046.67,ACTUAL_FIRE,98.0,True,,True
2026-09-30T16:14:16.021966+00:00,ESP1,Kitchen,68.0,30.0,1011.0,1200,0.2,18250,4.5,1,FIRE,120,27.62,2200.0,82.0,40.381,16050.0,0.8,350.0,44.99,1070.0,ACTUAL_FIRE,98.0,True,,True
2026-09-30T16:14:17.021966+00:00,ESP1,Kitchen,68.80000000000001,30.0,1011.0,1200,0.2,18600,4.5,1,FIRE,120,27.62,2200.0,82.0,41.181,16400.0,0.8,350.0,45.88,1093.33,ACTUAL_FIRE,98.0,True,,True
2026-09-30T16:14:18.021966+00:00,ESP1,Kitchen,69.6,30.0,1011.0,1200,0.2,18950,4.5,1,FIRE,120,27.62,2200.0,82.0,41.981,16750.0,0.8,350.0,46.77,1116.67,ACTUAL_FIRE,98.0,True,,True
2026-09-30T16:14:19.021966+00:00,ESP1,Kitchen,70.4,30.0,1011.0,1200,0.2,19300,4.5,1,FIRE,120,27.62,2200.0,82.0,42.781,17100.0,0.8,350.0,47.67,1140.0,ACTUAL_FIRE,98.0,True,,True
2026-09-30T16:14:20.021966+00:00,ESP1,Kitchen,71.2,30.0,1011.0,1200,0.2,19650,4.5,1,FIRE,120,27.62,2200.0,82.0,43.581,17450.0,0.8,350.0,48.56,1163.33,ACTUAL_FIRE,98.0,True,,True
