timestamp,device_id,room_id,temperature,humidity,pressure,flame_raw,flame_voltage,gas_raw,gas_voltage,flame_digital,fire_state,servo_angle
2026-09-30T16:12:21.021966+00:00,ESP1,LivingRoom_Sunny,31.0,45.0,1012.0,15000,3.1,1400,0.35,0,NORMAL,45
2026-09-30T16:12:22.021966+00:00,ESP1,LivingRoom_Sunny,31.06,45.0,1012.0,15000,3.1,1402,0.35,0,NORMAL,46
2026-09-30T16:12:23.021966+00:00,ESP1,LivingRoom_Sunny,31.12,45.0,1012.0,15000,3.1,1404,0.35,0,NORMAL,47
2026-09-30T16:12:24.021966+00:00,ESP1,LivingRoom_Sunny,31.18,45.0,1012.0,15000,3.1,1406,0.35,0,NORMAL,48
2026-09-30T16:12:25.021966+00:00,ESP1,LivingRoom_Sunny,31.24,45.0,1012.0,15000,3.1,1408,0.35,0,NORMAL,49
2026-09-30T16:12:26.021966+00:00,ESP1,LivingRoom_Sunny,31.3,45.0,1012.0,15000,3.1,1410,0.35,0,NORMAL,50
2026-09-30T16:12:27.021966+00:00,ESP1,LivingRoom_Sunny,31.36,45.0,1012.0,15000,3.1,1412,0.35,0,NORMAL,51
2026-09-30T16:12:28.021966+00:00,ESP1,LivingRoom_Sunny,31.42,45.0,1012.0,15000,3.1,1414,0.35,0,NORMAL,52
2026-09-30T16:12:29.021966+00:00,ESP1,LivingRoom_Sunny,31.48,45.0,1012.0,15000,3.1,1416,0.35,0,NORMAL,53
2026-09-30T16:12:30.021966+00:00,ESP1,LivingRoom_Sunny,31.54,45.0,1012.0,15000,3.1,1418,0.35,0,NORMAL,54
2026-09-30T16:12:31.021966+00:00,ESP1,LivingRoom_Sunny,31.6,45.0,1012.0,15000,3.1,1420,0.35,0,NORMAL,55
2026-09-30T16:12:32.021966+00:00,ESP1,LivingRoom_Sunny,31.66,45.0,1012.0,15000,3.1,1422,0.35,0,NORMAL,56
2026-09-30T16:12:33.021966+00:00,ESP1,LivingRoom_Sunny,31.72,45.0,1012.0,15000,3.1,1424,0.35,0,NORMAL,57
2026-09-30T16:12:34.021966+00:00,ESP1,LivingRoom_Sunny,31.78,45.0,1012.0,15000,3.1,1426,0.35,0,NORMAL,58
2026-09-30T16:12:35.021966+00:00,ESP1,LivingRoom_Sunny,31.84,45.0,1012.0,15000,3.1,1428,0.35,0,NORMAL,59
2026-09-30T16:12:36.021966+00:00,ESP1,LivingRoom_Sunny,31.9,45.0,1012.0,15000,3.1,1430,0.35,0,NORMAL,60
2026-09-30T16:12:37.021966+00:00,ESP1,LivingRoom_Sunny,31.96,45.0,1012.0,15000,3.1,1432,0.35,0,NORMAL,61
2026-09-30T16:12:38.021966+00:00,ESP1,LivingRoom_Sunny,32.02,45.0,1012.0,15000,3.1,1434,0.35,0,NORMAL,62
2026-09-30T16:12:39.021966+00:00,ESP1,LivingRoom_Sunny,32.08,45.0,1012.0,15000,3.1,1436,0.35,0,NORMAL,63
2026-09-30T16:12:40.021966+00:00,ESP1,LivingRoom_Sunny,32.14,45.0,1012.0,15000,3.1,1438,0.35,0,NORMAL,64
2026-09-30T16:12:41.021966+00:00,ESP1,LivingRoom_Sunny,32.2,45.0,1012.0,15000,3.1,1440,0.35,0,NORMAL,65
2026-09-30T16:12:42.021966+00:00,ESP1,LivingRoom_Sunny,32.26,45.0,1012.0,15000,3.1,1442,0.35,0,NORMAL,66
2026-09-30T16:12:43.021966+00:00,ESP1,LivingRoom_Sunny,32.32,45.0,1012.0,15000,3.1,1444,0.35,0,NORMAL,67
2026-09-30T16:12:44.021966+00:00,ESP1,LivingRoom_Sunny,32.38,45.0,1012.0,15000,3.1,1446,0.35,0,NORMAL,68
2026-09-30T16:12:45.021966+00:00,ESP1,LivingRoom_Sunny,32.44,45.0,1012.0,15000,3.1,1448,0.35,0,NORMAL,69
2026-09-30T16:12:46.021966+00:00,ESP1,LivingRoom_Sunny,32.5,45.0,1012.0,15000,3.1,1450,0.35,0,NORMAL,70
2026-09-30T16:12:47.021966+00:00,ESP1,LivingRoom_Sunny,32.56,45.0,1012.0,15000,3.1,1452,0.35,0,NORMAL,71
2026-09-30T16:12:48.021966+00:00,ESP1,LivingRoom_Sunny,32.62,45.0,1012.0,15000,3.1,1454,0.35,0,NORMAL,72
2026-09-30T16:12:49.021966+00:00,ESP1,LivingRoom_Sunny,32.68,45.0,1012.0,15000,3.1,1456,0.35,0,NORMAL,73
2026-09-30T16:12:50.021966+00:00,ESP1,LivingRoom_Sunny,32.74,45.0,1012.0,15000,3.1,1458,0.35,0,NORMAL,74
2026-09-30T16:12:51.021966+00:00,ESP1,LivingRoom_Sunny,32.8,45.0,1012.0,15000,3.1,1460,0.35,0,NORMAL,75
2026-09-30T16:12:52.021966+00:00,ESP1,LivingRoom_Sunny,32.86,45.0,1012.0,15000,3.1,1462,0.35,0,NORMAL,76
2026-09-30T16:12:53.021966+00:00,ESP1,LivingRoom_Sunny,32.92,45.0,1012.0,15000,3.1,1464,0.35,0,NORMAL,77
2026-09-30T16:12:54.021966+00:00,ESP1,LivingRoom_Sunny,32.98,45.0,1012.0,15000,3.1,1466,0.35,0,NORMAL,78
2026-09-30T16:12:55.021966+00:00,ESP1,LivingRoom_Sunny,33.04,45.0,1012.0,15000,3.1,1468,0.35,0,NORMAL,79
2026-09-30T16:12:56.021966+00:00,ESP1,LivingRoom_Sunny,33.1,45.0,1012.0,15000,3.1,1470,0.35,0,NORMAL,80
2026-09-30T16:12:57.021966+00:00,ESP1,LivingRoom_Sunny,33.16,45.0,1012.0,15000,3.1,1472,0.35,0,NORMAL,81
2026-09-30T16:12:58.021966+00:00,ESP1,LivingRoom_Sunny,33.22,45.0,1012.0,15000,3.1,1474,0.35,0,NORMAL,82
2026-09-30T16:12:59.021966+00:00,ESP1,LivingRoom_Sunny,33.28,45.0,1012.0,15000,3.1,1476,0.35,0,NORMAL,83
2026-09-30T16:13:00.021966+00:00,ESP1,LivingRoom_Sunny,33.34,45.0,1012.0,15000,3.1,1478,0.35,0,NORMAL,84
2026-09-30T16:13:01.021966+00:00,ESP1,Kitchen,27.5,82.0,1011.8,14800,3.0,2200,0.55,0,NORMAL,90
2026-09-30T16:13:02.021966+00:00,ESP1,Kitchen,27.53,82.0,1011.8,14800,3.0,2200,0.55,0,NORMAL,90
2026-09-30T16:13:03.021966+00:00,ESP1,Kitchen,27.56,82.0,1011.8,14800,3.0,2200,0.55,0,NORMAL,90
2026-09-30T16:13:04.021966+00:00,ESP1,Kitchen,27.59,82.0,1011.8,14800,3.0,2200,0.55,0,NORMAL,90
2026-09-30T16:13:05.021966+00:00,ESP1,Kitchen,27.62,82.0,1011.8,14800,3.0,2200,0.55,0,NORMAL,90
2026-09-30T16:13:06.021966+00:00,ESP1,Kitchen,27.65,82.0,1011.8,14800,3.0,2200,0.55,0,NORMAL,90
2026-09-30T16:13:07.021966+00:00,ESP1,Kitchen,27.68,82.0,1011.8,14800,3.0,2200,0.55,0,NORMAL,90
2026-09-30T16:13:08.021966+00:00,ESP1,Kitchen,27.71,82.0,1011.8,14800,3.0,2200,0.55,0,NORMAL,90
2026-09-30T16:13:09.021966+00:00,ESP1,Kitchen,27.74,82.0,1011.8,14800,3.0,2200,0.55,0,NORMAL,90
2026-09-30T16:13:10.021966+00:00,ESP1,Kitchen,27.77,82.0,1011.8,14800,3.0,2200,0.55,0,NORMAL,90
2026-09-30T16:13:11.021966+00:00,ESP1,Kitchen,27.8,82.0,1011.8,14800,3.0,2200,0.55,0,NORMAL,90
2026-09-30T16:13:12.021966+00:00,ESP1,Kitchen,27.83,82.0,1011.8,14800,3.0,2200,0.55,0,NORMAL,90
2026-09-30T16:13:13.021966+00:00,ESP1,Kitchen,27.86,82.0,1011.8,14800,3.0,2200,0.55,0,NORMAL,90
2026-09-30T16:13:14.021966+00:00,ESP1,Kitchen,27.89,82.0,1011.8,14800,3.0,2200,0.55,0,NORMAL,90
2026-09-30T16:13:15.021966+00:00,ESP1,Kitchen,27.92,82.0,1011.8,14800,3.0,2200,0.55,0,NORMAL,90
2026-09-30T16:13:16.021966+00:00,ESP1,Kitchen,27.95,82.0,1011.8,14800,3.0,2200,0.55,0,NORMAL,90
2026-09-30T16:13:17.021966+00:00,ESP1,Kitchen,27.98,82.0,1011.8,14800,3.0,2200,0.55,0,NORMAL,90
2026-09-30T16:13:18.021966+00:00,ESP1,Kitchen,28.01,82.0,1011.8,14800,3.0,2200,0.55,0,NORMAL,90
2026-09-30T16:13:19.021966+00:00,ESP1,Kitchen,28.04,82.0,1011.8,14800,3.0,2200,0.55,0,NORMAL,90
2026-09-30T16:13:20.021966+00:00,ESP1,Kitchen,28.07,82.0,1011.8,14800,3.0,2200,0.55,0,NORMAL,90
2026-09-30T16:13:21.021966+00:00,ESP1,Kitchen,28.1,82.0,1011.8,14800,3.0,2200,0.55,0,NORMAL,90
2026-09-30T16:13:22.021966+00:00,ESP1,Kitchen,28.13,82.0,1011.8,14800,3.0,2200,0.55,0,NORMAL,90
2026-09-30T16:13:23.021966+00:00,ESP1,Kitchen,28.16,82.0,1011.8,14800,3.0,2200,0.55,0,NORMAL,90
2026-09-30T16:13:24.021966+00:00,ESP1,Kitchen,28.19,82.0,1011.8,14800,3.0,2200,0.55,0,NORMAL,90
2026-09-30T16:13:25.021966+00:00,ESP1,Kitchen,28.22,82.0,1011.8,14800,3.0,2200,0.55,0,NORMAL,90
2026-09-30T16:13:26.021966+00:00,ESP1,Kitchen,28.25,82.0,1011.8,14800,3.0,2200,0.55,0,NORMAL,90
2026-09-30T16:13:27.021966+00:00,ESP1,Kitchen,28.28,82.0,1011.8,14800,3.0,2200,0.55,0,NORMAL,90
2026-09-30T16:13:28.021966+00:00,ESP1,Kitchen,28.31,82.0,1011.8,14800,3.0,2200,0.55,0,NORMAL,90
2026-09-30T16:13:29.021966+00:00,ESP1,Kitchen,28.34,82.0,1011.8,14800,3.0,2200,0.55,0,NORMAL,90
2026-09-30T16:13:30.021966+00:00,ESP1,Kitchen,28.37,82.0,1011.8,14800,3.0,2200,0.55,0,NORMAL,90
2026-09-30T16:13:31.021966+00:00,ESP1,Kitchen,32.0,30.0,1011.0,15000,3.0,2500,0.6,0,FIRE,120
2026-09-30T16:13:32.021966+00:00,ESP1,Kitchen,32.8,30.0,1011.0,14200,2.85,2850,0.7,0,FIRE,120
2026-09-30T16:13:33.021966+00:00,ESP1,Kitchen,33.6,30.0,1011.0,13400,2.7,3200,0.8,0,FIRE,120
2026-09-30T16:13:34.021966+00:00,ESP1,Kitchen,34.4,30.0,1011.0,12600,2.55,3550,0.9,0,FIRE,120
2026-09-30T16:13:35.021966+00:00,ESP1,Kitchen,35.2,30.0,1011.0,11800,2.4,3900,1.0,1,FIRE,120
2026-09-30T16:13:36.021966+00:00,ESP1,Kitchen,36.0,30.0,1011.0,11000,2.25,4250,1.1,1,FIRE,120
2026-09-30T16:13:37.021966+00:00,ESP1,Kitchen,36.8,30.0,1011.0,10200,2.1,4600,1.2000000000000002,1,FIRE,120
2026-09-30T16:13:38.021966+00:00,ESP1,Kitchen,37.6,30.0,1011.0,9400,1.95,4950,1.3,1,FIRE,120
2026-09-30T16:13:39.021966+00:00,ESP1,Kitchen,38.4,30.0,1011.0,8600,1.8,5300,1.4,1,FIRE,120
2026-09-30T16:13:40.021966+00:00,ESP1,Kitchen,39.2,30.0,1011.0,7800,1.6500000000000001,5650,1.5,1,FIRE,120
2026-09-30T16:13:41.021966+00:00,ESP1,Kitchen,40.0,30.0,1011.0,7000,1.5,6000,1.6,1,FIRE,120
2026-09-30T16:13:42.021966+00:00,ESP1,Kitchen,40.8,30.0,1011.0,6200,1.35,6350,1.7000000000000002,1,FIRE,120
2026-09-30T16:13:43.021966+00:00,ESP1,Kitchen,41.6,30.0,1011.0,5400,1.2000000000000002,6700,1.8000000000000003,1,FIRE,120
2026-09-30T16:13:44.021966+00:00,ESP1,Kitchen,42.4,30.0,1011.0,4600,1.05,7050,1.9,1,FIRE,120
2026-09-30T16:13:45.021966+00:00,ESP1,Kitchen,43.2,30.0,1011.0,3800,0.8999999999999999,7400,2.0,1,FIRE,120
2026-09-30T16:13:46.021966+00:00,ESP1,Kitchen,44.0,30.0,1011.0,3000,0.75,7750,2.1,1,FIRE,120
2026-09-30T16:13:47.021966+00:00,ESP1,Kitchen,44.8,30.0,1011.0,2200,0.6000000000000001,8100,2.2,1,FIRE,120
2026-09-30T16:13:48.021966+00:00,ESP1,Kitchen,45.6,30.0,1011.0,1400,0.4500000000000002,8450,2.3000000000000003,1,FIRE,120
2026-09-30T16:13:49.021966+00:00,ESP1,Kitchen,46.4,30.0,1011.0,1200,0.30000000000000027,8800,2.4,1,FIRE,120
2026-09-30T16:13:50.021966+00:00,ESP1,Kitchen,47.2,30.0,1011.0,1200,0.2,9150,2.5,1,FIRE,120
2026-09-30T16:13:51.021966+00:00,ESP1,Kitchen,48.0,30.0,1011.0,1200,0.2,9500,2.6,1,FIRE,120
2026-09-30T16:13:52.021966+00:00,ESP1,Kitchen,48.8,30.0,1011.0,1200,0.2,9850,2.7,1,FIRE,120
2026-09-30T16:13:53.021966+00:00,ESP1,Kitchen,49.6,30.0,1011.0,1200,0.2,10200,2.8000000000000003,1,FIRE,120
2026-09-30T16:13:54.021966+00:00,ESP1,Kitchen,50.400000000000006,30.0,1011.0,1200,0.2,10550,2.9000000000000004,1,FIRE,120
2026-09-30T16:13:55.021966+00:00,ESP1,Kitchen,51.2,30.0,1011.0,1200,0.2,10900,3.0000000000000004,1,FIRE,120
2026-09-30T16:13:56.021966+00:00,ESP1,Kitchen,52.0,30.0,1011.0,1200,0.2,11250,3.1,1,FIRE,120
2026-09-30T16:13:57.021966+00:00,ESP1,Kitchen,52.8,30.0,1011.0,1200,0.2,11600,3.2,1,FIRE,120
2026-09-30T16:13:58.021966+00:00,ESP1,Kitchen,53.6,30.0,1011.0,1200,0.2,11950,3.3000000000000003,1,FIRE,120
2026-09-30T16:13:59.021966+00:00,ESP1,Kitchen,54.400000000000006,30.0,1011.0,1200,0.2,12300,3.4000000000000004,1,FIRE,120
2026-09-30T16:14:00.021966+00:00,ESP1,Kitchen,55.2,30.0,1011.0,1200,0.2,12650,3.5000000000000004,1,FIRE,120
2026-09-30T16:14:01.021966+00:00,ESP1,Kitchen,56.0,30.0,1011.0,1200,0.2,13000,3.6,1,FIRE,120
2026-09-30T16:14:02.021966+00:00,ESP1,Kitchen,56.8,30.0,1011.0,1200,0.2,13350,3.7,1,FIRE,120
2026-09-30T16:14:03.021966+00:00,ESP1,Kitchen,57.6,30.0,1011.0,1200,0.2,13700,3.8000000000000003,1,FIRE,120
2026-09-30T16:14:04.021966+00:00,ESP1,Kitchen,58.400000000000006,30.0,1011.0,1200,0.2,14050,3.9000000000000004,1,FIRE,120
2026-09-30T16:14:05.021966+00:00,ESP1,Kitchen,59.2,30.0,1011.0,1200,0.2,14400,4.0,1,FIRE,120
2026-09-30T16:14:06.021966+00:00,ESP1,Kitchen,60.0,30.0,1011.0,1200,0.2,14750,4.1,1,FIRE,120
2026-09-30T16:14:07.021966+00:00,ESP1,Kitchen,60.8,30.0,1011.0,1200,0.2,15100,4.2,1,FIRE,120
2026-09-30T16:14:08.021966+00:00,ESP1,Kitchen,61.6,30.0,1011.0,1200,0.2,15450,4.3,1,FIRE,120
2026-09-30T16:14:09.021966+00:00,ESP1,Kitchen,62.400000000000006,30.0,1011.0,1200,0.2,15800,4.4,1,FIRE,120
2026-09-30T16:14:10.021966+00:00,ESP1,Kitchen,63.2,30.0,1011.0,1200,0.2,16150,4.5,1,FIRE,120
2026-09-30T16:14:11.021966+00:00,ESP1,Kitchen,64.0,30.0,1011.0,1200,0.2,16500,4.5,1,FIRE,120
2026-09-30T16:14:12.021966+00:00,ESP1,Kitchen,64.80000000000001,30.0,1011.0,1200,0.2,16850,4.5,1,FIRE,120
2026-09-30T16:14:13.021966+00:00,ESP1,Kitchen,65.6,30.0,1011.0,1200,0.2,17200,4.5,1,FIRE,120
2026-09-30T16:14:14.021966+00:00,ESP1,Kitchen,66.4,30.0,1011.0,1200,0.2,17550,4.5,1,FIRE,120
2026-09-30T16:14:15.021966+00:00,ESP1,Kitchen,67.2,30.0,1011.0,1200,0.2,17900,4.5,1,FIRE,120
2026-09-30T16:14:16.021966+00:00,ESP1,Kitchen,68.0,30.0,1011.0,1200,0.2,18250,4.5,1,FIRE,120
2026-09-30T16:14:17.021966+00:00,ESP1,Kitchen,68.80000000000001,30.0,1011.0,1200,0.2,18600,4.5,1,FIRE,120
2026-09-30T16:14:18.021966+00:00,ESP1,Kitchen,69.6,30.0,1011.0,1200,0.2,18950,4.5,1,FIRE,120
2026-09-30T16:14:19.021966+00:00,ESP1,Kitchen,70.4,30.0,1011.0,1200,0.2,19300,4.5,1,FIRE,120
2026-09-30T16:14:20.021966+00:00,ESP1,Kitchen,71.2,30.0,1011.0,1200,0.2,19650,4.5,1,FIRE,120
